-- MySQL dump 10.13  Distrib 5.7.17, for Win64 (x86_64)
--
-- Host: localhost    Database: convocationrattrapage
-- ------------------------------------------------------
-- Server version	5.7.20-log

/*!40101 SET @OLD_CHARACTER_SET_CLIENT=@@CHARACTER_SET_CLIENT */;
/*!40101 SET @OLD_CHARACTER_SET_RESULTS=@@CHARACTER_SET_RESULTS */;
/*!40101 SET @OLD_COLLATION_CONNECTION=@@COLLATION_CONNECTION */;
/*!40101 SET NAMES utf8 */;
/*!40103 SET @OLD_TIME_ZONE=@@TIME_ZONE */;
/*!40103 SET TIME_ZONE='+00:00' */;
/*!40014 SET @OLD_UNIQUE_CHECKS=@@UNIQUE_CHECKS, UNIQUE_CHECKS=0 */;
/*!40014 SET @OLD_FOREIGN_KEY_CHECKS=@@FOREIGN_KEY_CHECKS, FOREIGN_KEY_CHECKS=0 */;
/*!40101 SET @OLD_SQL_MODE=@@SQL_MODE, SQL_MODE='NO_AUTO_VALUE_ON_ZERO' */;
/*!40111 SET @OLD_SQL_NOTES=@@SQL_NOTES, SQL_NOTES=0 */;

--
-- Table structure for table `convocation`
--

DROP TABLE IF EXISTS `convocation`;
/*!40101 SET @saved_cs_client     = @@character_set_client */;
/*!40101 SET character_set_client = utf8 */;
CREATE TABLE `convocation` (
  `idEleve` int(11) NOT NULL,
  `idEpreuve` int(11) NOT NULL,
  PRIMARY KEY (`idEleve`,`idEpreuve`),
  KEY `idEleve` (`idEleve`),
  KEY `idEpreuve` (`idEpreuve`),
  CONSTRAINT `idEleve` FOREIGN KEY (`idEleve`) REFERENCES `eleve` (`idEleve`) ON DELETE NO ACTION ON UPDATE NO ACTION,
  CONSTRAINT `idEpreuve` FOREIGN KEY (`idEpreuve`) REFERENCES `epreuve` (`idEpreuve`) ON DELETE NO ACTION ON UPDATE NO ACTION
) ENGINE=InnoDB DEFAULT CHARSET=latin1;
/*!40101 SET character_set_client = @saved_cs_client */;

--
-- Dumping data for table `convocation`
--

LOCK TABLES `convocation` WRITE;
/*!40000 ALTER TABLE `convocation` DISABLE KEYS */;
INSERT INTO `convocation` VALUES (237,550),(237,551),(237,562),(237,565),(237,567),(237,590),(237,611),(237,617),(237,619),(237,627),(238,562),(238,565),(238,567),(238,590),(238,614),(238,615),(238,617),(238,619),(238,627),(239,550),(239,562),(239,565),(239,590),(239,611),(239,614),(239,617),(239,619),(239,627),(240,550),(240,551),(240,565),(240,567),(240,590),(240,611),(240,612),(240,615),(240,617),(240,619),(241,565),(241,567),(241,590),(242,550),(242,551),(242,562),(242,565),(242,567),(242,570),(242,586),(242,590),(242,598),(242,611),(242,612),(242,615),(242,617),(242,627),(243,550),(243,565),(243,599),(243,612),(243,614),(243,619),(243,627),(244,550),(244,551),(244,562),(244,565),(244,567),(244,599),(244,611),(244,612),(244,614),(244,615),(244,617),(244,619),(244,627),(245,551),(246,551),(247,551),(248,551),(249,551),(250,551),(251,551),(251,556),(251,565),(251,567),(251,579),(251,588),(251,592),(251,606),(251,612),(251,615),(251,620),(251,622),(251,623),(251,625),(252,551),(253,551),(254,551),(255,551),(256,551),(257,551),(257,623),(258,551),(259,551),(260,551),(261,552),(261,557),(261,558),(261,563),(261,564),(261,568),(261,569),(261,571),(261,576),(261,578),(261,580),(261,584),(261,589),(261,597),(261,600),(261,601),(261,603),(261,613),(261,624),(261,632),(261,634),(261,671),(261,673),(261,674),(261,675),(261,676),(261,677),(261,678),(261,679),(261,680),(261,684),(261,698),(262,553),(262,554),(262,565),(262,567),(262,572),(262,588),(262,592),(262,593),(262,619),(262,623),(263,564),(263,569),(263,576),(263,589),(263,591),(263,597),(263,610),(263,613),(263,630),(263,632),(263,634),(263,671),(263,673),(263,674),(263,676),(263,677),(263,678),(263,679),(263,689),(263,698),(263,709),(264,557),(264,564),(264,566),(264,589),(264,591),(264,600),(264,603),(264,610),(264,613),(265,557),(265,558),(265,568),(265,569),(265,576),(265,578),(265,589),(265,591),(265,597),(265,600),(265,610),(265,613),(266,557),(266,569),(266,584),(266,589),(266,597),(266,600),(266,601),(266,603),(266,613),(267,557),(267,558),(267,564),(267,569),(267,571),(267,584),(267,600),(267,603),(267,610),(267,613),(267,624),(268,558),(268,564),(268,566),(268,569),(268,571),(268,575),(268,583),(268,589),(268,597),(268,613),(268,626),(269,560),(269,623),(270,561),(270,569),(270,573),(270,581),(270,604),(270,605),(270,609),(270,610),(270,613),(271,562),(271,565),(271,567),(271,611),(271,612),(271,617),(271,627),(272,563),(272,564),(272,589),(272,597),(272,600),(272,613),(273,564),(273,568),(273,569),(273,571),(273,578),(273,583),(273,585),(273,587),(273,589),(273,602),(273,613),(273,626),(274,565),(274,567),(275,565),(275,567),(276,565),(276,567),(277,565),(277,567),(278,565),(278,567),(278,627),(279,564),(279,571),(279,573),(279,589),(279,595),(279,604),(279,605),(279,609),(279,613),(279,618),(280,564),(280,571),(280,573),(280,577),(280,589),(280,591),(280,594),(280,596),(280,610),(280,613),(280,618),(280,626),(281,565),(281,567),(282,564),(282,568),(282,569),(282,571),(282,573),(282,597),(282,608),(282,610),(282,613),(282,621),(283,564),(283,569),(283,577),(283,589),(283,594),(283,596),(283,597),(283,613),(283,616),(284,590),(285,590),(286,628),(286,629),(287,630),(287,631),(287,632),(287,633),(287,635),(287,636),(288,634),(289,632),(289,635),(289,637),(289,638),(289,640),(289,689),(290,628),(290,641),(290,642),(290,643),(291,628),(291,629),(291,711),(292,711),(293,632),(293,633),(293,635),(293,638),(293,645),(293,646),(293,647),(294,628),(294,629),(294,641),(294,642),(294,648),(294,649),(294,650),(295,651),(295,652),(295,653),(295,654),(296,628),(296,629),(296,641),(296,648),(296,655),(296,656),(296,657),(296,658),(296,659),(296,660),(296,661),(296,749),(296,753),(296,754),(296,755),(296,756),(296,757),(296,758),(296,788),(296,789),(296,790),(296,791),(297,628),(297,629),(297,649),(297,656),(297,662),(297,663),(297,664),(297,665),(297,666),(297,749),(297,752),(297,753),(297,754),(297,755),(297,756),(297,757),(297,758),(297,788),(297,789),(297,790),(298,628),(298,629),(298,667),(298,668),(298,669),(299,681),(300,630),(300,634),(300,635),(300,638),(300,645),(300,647),(300,682),(300,683),(300,684),(300,685),(300,686),(300,687),(301,643),(301,688),(302,630),(302,632),(302,634),(302,671),(302,673),(302,674),(302,676),(302,677),(302,678),(302,679),(302,680),(302,682),(302,689),(302,690),(302,691),(302,692),(302,698),(302,741),(302,742),(302,743),(302,744),(302,745),(302,747),(302,748),(302,749),(302,750),(302,751),(302,773),(302,775),(302,787),(302,810),(303,628),(303,629),(303,641),(303,649),(303,656),(303,657),(303,662),(303,668),(303,693),(303,695),(303,696),(303,715),(304,632),(305,632),(305,673),(305,683),(305,697),(305,698),(305,699),(305,700),(305,701),(305,702),(305,703),(306,628),(306,629),(306,641),(306,642),(306,648),(306,650),(306,655),(306,656),(306,657),(306,658),(306,663),(306,664),(306,665),(306,666),(306,704),(306,744),(306,746),(306,749),(306,752),(306,753),(306,754),(306,755),(306,756),(306,757),(306,758),(306,787),(306,788),(306,789),(306,790),(306,791),(306,801),(306,814),(307,628),(307,629),(307,742),(307,744),(307,745),(307,748),(307,749),(307,750),(307,751),(307,773),(307,774),(307,775),(308,628),(308,629),(308,641),(308,655),(308,656),(308,662),(308,667),(308,669),(308,705),(308,706),(309,628),(309,629),(309,641),(309,642),(309,649),(309,656),(309,657),(309,668),(309,669),(309,693),(309,707),(309,715),(309,749),(310,628),(310,629),(310,641),(310,642),(310,655),(310,659),(310,663),(310,664),(310,665),(310,704),(310,711),(311,630),(311,634),(311,638),(311,646),(311,647),(311,683),(311,684),(311,685),(311,686),(311,687),(311,710),(312,628),(312,629),(313,629),(313,649),(313,656),(313,664),(313,665),(313,711),(313,744),(313,746),(313,749),(313,753),(313,754),(313,755),(313,756),(313,757),(313,758),(313,787),(313,801),(313,812),(313,814),(314,628),(314,629),(315,628),(315,629),(315,641),(315,642),(315,649),(315,656),(315,657),(315,661),(315,688),(315,696),(315,711),(315,712),(315,713),(315,714),(315,715),(315,716),(315,717),(315,718),(315,741),(315,742),(315,745),(315,746),(315,747),(315,748),(315,749),(315,751),(315,773),(315,774),(315,775),(315,787),(315,801),(315,810),(315,822),(316,632),(316,683),(316,684),(316,697),(316,699),(316,710),(316,719),(317,720),(317,721),(317,722),(317,723),(317,724),(317,725),(317,726),(317,727),(317,728),(317,729),(317,730),(317,731),(317,732),(317,733),(317,734),(317,735),(317,736),(318,720),(318,723),(318,724),(318,727),(318,731),(318,734),(318,735),(318,737),(318,738),(318,739),(318,740),(319,741),(319,742),(319,743),(319,744),(319,745),(319,746),(319,747),(319,748),(319,749),(319,750),(319,751),(320,749),(320,752),(320,753),(320,754),(320,755),(320,756),(320,757),(320,758),(321,720),(321,723),(321,724),(321,726),(321,727),(321,731),(321,734),(321,759),(321,760),(321,761),(321,762),(321,763),(321,764),(321,765),(321,766),(322,720),(322,731),(322,734),(322,736),(322,760),(322,762),(322,766),(322,767),(323,720),(323,727),(323,736),(324,720),(324,724),(324,727),(324,731),(324,734),(324,760),(324,762),(324,765),(324,766),(325,720),(325,727),(325,731),(325,734),(325,768),(325,769),(325,770),(325,771),(325,772),(326,741),(326,742),(326,745),(326,747),(326,748),(326,749),(326,773),(326,774),(326,775),(327,720),(327,722),(327,723),(327,724),(327,726),(327,727),(327,728),(327,729),(327,731),(327,732),(327,733),(327,734),(327,735),(327,736),(327,740),(327,776),(327,777),(327,778),(328,744),(328,754),(328,779),(328,780),(328,781),(328,782),(328,783),(328,784),(328,785),(328,786),(328,787),(329,749),(330,751),(331,724),(331,728),(331,730),(331,739),(331,768),(331,777),(331,792),(331,793),(332,751),(333,773),(334,724),(334,725),(334,730),(334,794),(335,720),(335,727),(335,730),(335,734),(335,736),(335,768),(335,770),(335,771),(335,795),(336,720),(336,723),(336,724),(336,725),(336,727),(336,730),(336,731),(336,734),(336,736),(336,760),(336,761),(336,762),(336,763),(336,764),(336,765),(336,766),(336,767),(336,796),(336,797),(336,798),(336,799),(337,731),(337,734),(338,749),(338,754),(338,787),(338,800),(338,801),(338,802),(338,803),(338,804),(339,720),(339,723),(339,724),(339,725),(339,727),(339,731),(339,734),(339,736),(339,768),(339,769),(339,770),(339,771),(339,772),(339,792),(339,796),(339,805),(339,806),(339,807),(339,808),(340,724),(340,726),(340,727),(340,729),(340,733),(340,735),(340,777),(340,809),(341,787),(342,741),(342,744),(342,747),(342,749),(342,754),(342,784),(342,787),(342,801),(342,811),(342,812),(343,751),(344,731),(344,734),(345,720),(345,721),(345,722),(345,723),(345,724),(345,725),(345,726),(345,727),(345,728),(345,729),(345,730),(345,732),(345,733),(345,734),(345,735),(345,736),(345,740),(345,776),(345,777),(345,778),(345,796),(345,813),(346,723),(346,724),(346,725),(346,726),(346,727),(346,730),(346,731),(346,734),(346,736),(346,759),(346,760),(346,762),(346,763),(346,764),(346,765),(346,766),(346,767),(346,797),(346,799),(346,813),(347,720),(347,727),(347,731),(347,734),(347,736),(347,760),(347,761),(347,762),(347,766),(347,767),(348,743),(348,746),(348,748),(348,749),(348,750),(348,751),(348,773),(348,810),(349,754),(349,779),(349,780),(349,781),(349,784),(349,786),(349,787),(349,811),(349,815),(350,744),(350,746),(350,747),(350,754),(350,758),(350,800),(350,801),(350,804),(350,816),(350,817),(350,818),(350,819),(350,820),(351,720),(351,724),(351,731),(351,771),(351,795),(351,821),(352,720),(352,724),(352,725),(352,727),(352,730),(352,731),(352,734),(352,736),(352,739),(352,768),(352,777),(352,793),(352,794),(353,723),(353,724),(353,727),(353,734),(353,770),(353,795),(353,796),(354,741),(354,744),(354,747),(354,749),(354,754),(354,785),(354,804),(354,815);
/*!40000 ALTER TABLE `convocation` ENABLE KEYS */;
UNLOCK TABLES;

--
-- Table structure for table `eleve`
--

DROP TABLE IF EXISTS `eleve`;
/*!40101 SET @saved_cs_client     = @@character_set_client */;
/*!40101 SET character_set_client = utf8 */;
CREATE TABLE `eleve` (
  `idEleve` int(11) NOT NULL AUTO_INCREMENT,
  `nomEtudiant` varchar(45) NOT NULL,
  `prenomEtudiant` varchar(45) NOT NULL,
  PRIMARY KEY (`idEleve`)
) ENGINE=InnoDB AUTO_INCREMENT=355 DEFAULT CHARSET=latin1;
/*!40101 SET character_set_client = @saved_cs_client */;

--
-- Dumping data for table `eleve`
--

LOCK TABLES `eleve` WRITE;
/*!40000 ALTER TABLE `eleve` DISABLE KEYS */;
INSERT INTO `eleve` VALUES (237,'L FETHO','AUSSOF'),(238,'L HEJJAU','MER'),(239,'L AUERGH','USTERHE'),(240,'ENENO ','HAURAUK'),(241,'ORCHOCHO','AKHTER'),(242,'EMZEAUOK','YAUB'),(243,'UREN BRE','EUL'),(244,'OBENO','OHENO'),(245,'OMEÏ BOM','AUOS VON'),(246,'EZEUBAN','OORRO'),(247,'RAZET','ONAÎT'),(248,'ESCHOR','OORRO'),(249,'OLORLENQ','EMUOL'),(250,'OLROOU','URÉLOON'),(251,'AGHMO','OCHEM'),(252,'URANT','ONJEMON'),(253,'EA','ONG'),(254,'UENG','OENXOEA'),(255,'EURONT','TOVON'),(256,'OGREND','ORVÉ'),(257,'LLOTREUL','YLVEON'),(258,'RAST','ONCONT'),(259,'OY','LÉMONT'),(260,'ODREAUO','EWFEL'),(261,'L MAUOLH','LYOS'),(262,'OLEON','MMENUOL'),(263,'OSLENDOS','ARGEN'),(264,'ENDOOCH','ROC '),(265,'ENDUONOE','ERHEËL '),(266,'HELFELLE','AHEMOD'),(267,'OTOT','AENN'),(268,'OEUGOY','OMO'),(269,'ESSOUR','NTAONO'),(270,'AUFREHO','AHEMMOD'),(271,'OFKO','EBOL'),(272,'OMMORMEN','ERC'),(273,'ERCLEY','SEBOLLO '),(274,'ASQUOT','OCALES'),(275,'ROENT ','ÉGOS'),(276,'OSHEYOS','ULOON'),(277,'ABOLLERD','EBOON'),(278,'OATAONG','ERALONO'),(279,'ORONOTTO','EXOMO'),(280,'OELAUX ','HAMES'),(281,'OU','ONGJOO'),(282,'ALHOAN','OLLOS'),(283,'OCERD','OEN-BERT'),(284,'ELLO','LOXENDRO'),(285,'OLLOERD','ÉRÔMO'),(286,'ACHOTTO ','UDROY'),(287,'AONNO LA','OANOL'),(288,'AONNO LA','AONNO LA'),(289,'AUDOLLEL','AURED'),(290,'AURRO','ARHOO'),(291,'AUSSUGO','OCALES'),(292,'CHWOOTZO','OORRO'),(293,'E','ONGJOENG'),(294,'EORO','EROOM'),(295,'EOSAN','ARGEN'),(296,'ERDOL','RMOL'),(297,'EULET','OORRO-YV'),(298,'L KHEORO','AUSSOF'),(299,'MORBOKAV','URLEN'),(300,'O MORDY','HROSTARH'),(301,'O ROBOT','LÉMONT'),(302,'OBBER','EMZE'),(303,'OLO TEKE','YROLLO'),(304,'ON','U'),(305,'ON MEHMA','OEM'),(306,'ONELVOR','NTHANY'),(307,'ONODDONO','OND'),(308,'ONSESSO ','AUNOS'),(309,'ORDOOR','ULOON'),(310,'ORMOTO','HOLORRO'),(311,'OSNERD','NTAONO'),(312,'OTOT-RAM','ÉRÉNOCO'),(313,'OVOOLL','EMOON'),(314,'ROBE','EMOE'),(315,'UN','OJUN'),(316,'UO BAN H','ULOON'),(317,'AUGEMEDA','ESSOM'),(318,'AUODE ','AUSSOF'),(319,'AUOLOT','OYONDEH'),(320,'AURRO ','RWEN'),(321,'E','HOOKH'),(322,'EBE','LEBOSSO'),(323,'EENOB ','EJLEE'),(324,'EGNY','HAMES'),(325,'EMBECHRO','EROQ'),(326,'ENGEY','UOLLEUMO'),(327,'EOGNOEU','ÉRAMO'),(328,'EOLLERD','YLVEON'),(329,'EONT MER','ÉBESTOON'),(330,'ERORSANN','OMAN'),(331,'ERTON','AHEN'),(332,'EUBEGNEC','LAROEN'),(333,'EUGEM','UOLLEUMO'),(334,'EZOH','ESSEN'),(335,'HEKRO','USSEME'),(336,'LENCA','OCALES'),(337,'LLOGAOT','XOLLO'),(338,'MOHRAU','HESSEN'),(339,'O','HENG'),(340,'O GUONNO','AOC'),(341,'OBEYLO','ESTOON'),(342,'OBOYRAL','YLVEON'),(343,'OGRAS','EXOMO'),(344,'OGUY','HOBEUT'),(345,'OHU','ABON'),(346,'OLEOTRO','UOLHOM'),(347,'ONAT','ERONE'),(348,'ONO','ERE'),(349,'ORNENDOS','YLVOSTRO'),(350,'RAS ','EVOD'),(351,'RORROAT','AMEON'),(352,'RREDJE','ERWENO'),(353,'RUGBORT','UDAVOC'),(354,'UDERSENE','EGUREMEN');
/*!40000 ALTER TABLE `eleve` ENABLE KEYS */;
UNLOCK TABLES;

--
-- Table structure for table `eleveannee`
--

DROP TABLE IF EXISTS `eleveannee`;
/*!40101 SET @saved_cs_client     = @@character_set_client */;
/*!40101 SET character_set_client = utf8 */;
CREATE TABLE `eleveannee` (
  `idEleve` int(11) NOT NULL,
  `annee` varchar(45) NOT NULL,
  `niveau` varchar(45) DEFAULT NULL,
  `idFiliere` int(11) NOT NULL,
  PRIMARY KEY (`idEleve`,`annee`),
  KEY `idFiliere` (`idFiliere`),
  KEY `idEleve` (`idEleve`),
  CONSTRAINT `idEleve2` FOREIGN KEY (`idEleve`) REFERENCES `eleve` (`idEleve`) ON DELETE NO ACTION ON UPDATE NO ACTION,
  CONSTRAINT `idFiliere2` FOREIGN KEY (`idFiliere`) REFERENCES `filiere` (`idFiliere`) ON DELETE NO ACTION ON UPDATE NO ACTION
) ENGINE=InnoDB DEFAULT CHARSET=latin1;
/*!40101 SET character_set_client = @saved_cs_client */;

--
-- Dumping data for table `eleveannee`
--

LOCK TABLES `eleveannee` WRITE;
/*!40000 ALTER TABLE `eleveannee` DISABLE KEYS */;
INSERT INTO `eleveannee` VALUES (237,'2008-2009','3',13),(238,'2008-2009','3',13),(239,'2008-2009','3',13),(240,'2008-2009','3',13),(241,'2008-2009','3',13),(242,'2008-2009','3',13),(243,'2008-2009','3',13),(244,'2008-2009','3',13),(245,'2008-2009','3',14),(246,'2008-2009','3',14),(247,'2008-2009','3',15),(248,'2008-2009','3',16),(249,'2008-2009','3',15),(250,'2008-2009','3',16),(251,'2008-2009','3',15),(252,'2008-2009','3',17),(253,'2008-2009','3',13),(254,'2008-2009','3',17),(255,'2008-2009','3',16),(256,'2008-2009','3',15),(257,'2008-2009','3',16),(258,'2008-2009','3',17),(259,'2008-2009','3',14),(260,'2008-2009','3',13),(261,'2008-2009','2',14),(261,'2010-2011','3',14),(262,'2008-2009','3',16),(263,'2008-2009','2',14),(263,'2010-2011','3',14),(264,'2008-2009','2',14),(265,'2008-2009','2',14),(266,'2008-2009','2',14),(267,'2008-2009','2',14),(268,'2008-2009','2',13),(269,'2008-2009','3',16),(270,'2008-2009','2',17),(271,'2008-2009','3',13),(272,'2008-2009','2',14),(273,'2008-2009','2',13),(274,'2008-2009','3',14),(275,'2008-2009','3',14),(276,'2008-2009','3',14),(277,'2008-2009','3',17),(278,'2008-2009','3',13),(279,'2008-2009','2',17),(280,'2008-2009','2',16),(281,'2008-2009','3',13),(282,'2008-2009','2',15),(283,'2008-2009','2',16),(284,'2008-2009','3',16),(285,'2008-2009','3',16),(286,'2010-2011','2',13),(287,'2010-2011','3',17),(288,'2010-2011','3',17),(289,'2010-2011','3',16),(290,'2010-2011','2',14),(291,'2010-2011','2',15),(292,'2010-2011','2',15),(293,'2010-2011','3',15),(294,'2010-2011','2',16),(295,'2010-2011','3',18),(296,'2010-2011','2',16),(296,'2011-2012','3',16),(297,'2010-2011','2',16),(297,'2011-2012','3',16),(298,'2010-2011','2',13),(299,'2010-2011','3',16),(300,'2010-2011','3',15),(301,'2010-2011','2',14),(302,'2010-2011','3',14),(302,'2011-2012','3',14),(303,'2010-2011','2',13),(304,'2010-2011','3',14),(305,'2010-2011','3',13),(306,'2010-2011','2',16),(306,'2011-2012','3',16),(307,'2010-2011','2',14),(307,'2011-2012','3',14),(308,'2010-2011','2',13),(309,'2010-2011','2',13),(309,'2011-2012','3',13),(310,'2010-2011','2',16),(311,'2010-2011','3',15),(312,'2010-2011','2',14),(313,'2010-2011','2',16),(313,'2011-2012','3',16),(314,'2010-2011','2',13),(315,'2010-2011','2',14),(315,'2011-2012','3',14),(316,'2010-2011','3',13),(317,'2011-2012','2',16),(318,'2011-2012','2',17),(319,'2011-2012','3',14),(320,'2011-2012','3',16),(321,'2011-2012','2',14),(322,'2011-2012','2',14),(323,'2011-2012','2',13),(324,'2011-2012','2',14),(325,'2011-2012','2',13),(326,'2011-2012','3',14),(327,'2011-2012','2',16),(328,'2011-2012','3',15),(329,'2011-2012','3',14),(330,'2011-2012','3',13),(331,'2011-2012','2',15),(332,'2011-2012','3',13),(333,'2011-2012','3',14),(334,'2011-2012','2',15),(335,'2011-2012','2',13),(336,'2011-2012','2',14),(337,'2011-2012','2',15),(338,'2011-2012','3',17),(339,'2011-2012','2',13),(340,'2011-2012','2',16),(341,'2011-2012','3',16),(342,'2011-2012','3',15),(343,'2011-2012','3',14),(344,'2011-2012','2',16),(345,'2011-2012','2',16),(346,'2011-2012','2',14),(347,'2011-2012','2',14),(348,'2011-2012','3',14),(349,'2011-2012','3',15),(350,'2011-2012','3',17),(351,'2011-2012','2',13),(352,'2011-2012','2',15),(353,'2011-2012','2',13),(354,'2011-2012','3',15);
/*!40000 ALTER TABLE `eleveannee` ENABLE KEYS */;
UNLOCK TABLES;

--
-- Table structure for table `epreuve`
--

DROP TABLE IF EXISTS `epreuve`;
/*!40101 SET @saved_cs_client     = @@character_set_client */;
/*!40101 SET character_set_client = utf8 */;
CREATE TABLE `epreuve` (
  `idEpreuve` int(11) NOT NULL AUTO_INCREMENT,
  `dateEpreuve` varchar(60) DEFAULT NULL,
  `salleEpreuve` varchar(45) DEFAULT NULL,
  `idProf` int(11) DEFAULT NULL,
  `nomEpreuve` varchar(60) NOT NULL,
  `anneeScolaire` varchar(45) NOT NULL,
  `niveau` varchar(45) NOT NULL,
  PRIMARY KEY (`idEpreuve`),
  KEY `idProf` (`idProf`),
  CONSTRAINT `idProf` FOREIGN KEY (`idProf`) REFERENCES `prof` (`idProf`) ON DELETE NO ACTION ON UPDATE NO ACTION
) ENGINE=InnoDB AUTO_INCREMENT=823 DEFAULT CHARSET=latin1;
/*!40101 SET character_set_client = @saved_cs_client */;

--
-- Dumping data for table `epreuve`
--

LOCK TABLES `epreuve` WRITE;
/*!40000 ALTER TABLE `epreuve` DISABLE KEYS */;
INSERT INTO `epreuve` VALUES (549,'16 Sept 14h00','E 005',137,'Projet','2008-2009','3'),(550,'21 Sept 10h00','A 002',137,'Entrepôts de Données','2008-2009','3'),(551,'10 Sept 13h30','G 019',138,'TOEIC','2008-2009','3'),(552,'16 Sept 14h00','G 114',138,'Anglais','2008-2009','2'),(553,'22 Sept 10h00','A 002',139,'Informatique embarquée','2008-2009','3'),(554,'21 Sept 10h00','A 002',140,'Programmation Objets Avancée','2008-2009','3'),(555,'16 Sept 14h00','E 005',141,'Projet','2008-2009','2'),(556,'17 Sept 10h00','A 002',141,'Algorithmie de l\'Image','2008-2009','3'),(557,'21 Sept 10h00','A 002',141,'Modélisation des processus aléatoires 2','2008-2009','2'),(558,'21 Sept 14h00','A 002',141,'Recherche Opérationnelle','2008-2009','2'),(559,'23 Sept 10h00','A 002',141,'Apprentissage et fouille de données','2008-2009','2'),(560,'23 Sept 14h00',NULL,142,'Espagnol Débutant Complet','2008-2009','3'),(561,'22 Sept 14h00','A 002',143,'Technologie des composants','2008-2009','2'),(562,'16 Sept 10h00','A 002',144,'JAVA','2008-2009','3'),(563,'24 Sept 10h00','A 002',145,'Mécanique du solide','2008-2009','2'),(564,'15 Sept 10h30','E 005',146,'C++','2008-2009','2'),(565,'15 Sept 10h30','E 005',146,'C++','2008-2009','3'),(566,'24 Sept 10h00','A 106',147,'Modélisation des processus aléatoires 1','2008-2009','2'),(567,'15 Sept 9h00','A 002',148,'Ingénierie du Logiciel','2008-2009','3'),(568,'15 Sept 9h00','A 002',148,'UML Tronc Commun','2008-2009','2'),(569,'16 Sept 10h00','A 002',149,'Management','2008-2009','2'),(570,'14 Sept 10h30','A 002',150,'Marketing','2008-2009','3'),(571,'17 Sept 10h00','A 002',151,'Systèmes d\'exploitation : Administration','2008-2009','2'),(572,'17 Sept 10h00','A 002',151,'Systèmes Propriétaires','2008-2009','3'),(573,'23 Sept 14h00','A 002',151,'Systèmes d\'exploitation : Programmation système','2008-2009','2'),(574,'17 Sept 14h00','A 002',152,'Algorithmique de l\'Aide à la Décision','2008-2009','3'),(575,'17 Sept 14h00','A 002',152,'R.O. et I.A. pour la productique','2008-2009','2'),(576,'17 Sept 14h00','A 002',152,'Simulation / Productique','2008-2009','2'),(577,'22 Sept 14h00','A 002',153,'Physique des télécommunications','2008-2009','2'),(578,'23 Sept 10h00','A 002',154,'Apprentissage et fouille de données','2008-2009','2'),(579,'21 Sept 10h00','A 002',155,'Architecture Réseaux','2008-2009','3'),(580,'18 Sept 14h00',NULL,156,'Allemand Deb','2008-2009','2'),(581,'15 Sept 14h00','A 002',157,'Systèmes numériques : interfaçage','2008-2009','2'),(582,'18 Sept 14h00','A 002',158,'Administration BD','2008-2009','3'),(583,'18 Sept 14h00','A 002',158,'Développement de Bases de Données','2008-2009','2'),(584,'22 Sept 14h00','A 002',159,'Logiciels Numériques','2008-2009','2'),(585,'22 Sept 10h00','A 002',160,'Outils de la Productique','2008-2009','2'),(586,'23 Sept 10h00','A 002',161,'Chaine logistique','2008-2009','3'),(587,'23 Sept 14h00','A 002',161,'Simulation à flux discrets','2008-2009','2'),(588,'15 Sept 14h00','A 002',162,'Intro aux systèmes répartis','2008-2009','3'),(589,'15 Sept 14h00','A 002',162,'Réseaux','2008-2009','2'),(590,'16 Sept 14h00','E 005',162,'Projet','2008-2009','3'),(591,'16 Sept 14h00','E 005',162,'Projet','2008-2009','2'),(592,'16 Sept 10h00','A 002',162,'Réseaux sans fil','2008-2009','3'),(593,'21 Sept 14h00','A 002',162,'Routage','2008-2009','3'),(594,'22 Sept 10h00','A 002',162,'Compléments sur les réseaux','2008-2009','2'),(595,'22 Sept 14h00','A 002',162,'Informatique industrielle et Temps Réel','2008-2009','2'),(596,'23 Sept 10h00','A 002',162,'Certification industrielle','2008-2009','2'),(597,'14 Sept 9h00','A 002',163,'Droit','2008-2009','2'),(598,'14 Sept 9h00','A 002',163,'Droit','2008-2009','3'),(599,'23 Sept 14h00','A 002',164,'Prévisions Economiques','2008-2009','3'),(600,'22 Sept 10h00','A 002',165,'E.D.P.','2008-2009','2'),(601,'14 Sept 14h00','A 002',166,'Imagerie Vision','2008-2009','2'),(602,'17 Sept 14h00','A 002',167,'Méthodes et Outils du Génie Logiciel : compl UML','2008-2009','2'),(603,'18 Sept 10h00','A 002',168,'Optimisation','2008-2009','2'),(604,'18 Sept 10h00','A 002',169,'Systèmes Embarqués','2008-2009','2'),(605,'23 Sept 10h00','A 002',169,'Architectures des ordinateurs','2008-2009','2'),(606,'14 Sept 14h00','A 002',170,'Grilles de Calcul','2008-2009','3'),(607,'14 Sept 14h00','A 002',170,'JAVA','2008-2009','2'),(608,'14 Sept 14h00','A 002',170,'Méthodes et Outils du Génie Logiciel : compl UML','2008-2009','2'),(609,'22 Sept 10h00','A 002',171,'Réseaux avancés','2008-2009','2'),(610,'null null null',NULL,172,'Expression Communication','2008-2009','2'),(611,'18 Sept 10h00','A 002',173,'BD et Web','2008-2009','3'),(612,'21 Sept 14h00','A 002',173,'Intégration d\'Applications','2008-2009','3'),(613,'14 Sept 10h30','A 002',174,'Gestion','2008-2009','2'),(614,'14 Sept 10h30','A 002',174,'Gestion et Management','2008-2009','3'),(615,'17 Sept 14h00','A 002',175,'Algorithmique de l\'Aide à la Décision','2008-2009','3'),(616,'17 Sept 14h00','A 002',175,'Recherche opérationnelle pour les télécommunications','2008-2009','2'),(617,'17 Sept 10h00','A 002',176,'Optimisation des Systèmes','2008-2009','3'),(618,'17 Sept 14h00','A 002',177,'Transmission de données et Traitement du signal','2008-2009','2'),(619,'18 Sept 14h00','A 002',178,'Administration BD','2008-2009','3'),(620,'18 Sept 14h00','A 002',178,'BD: Modélisation Administration','2008-2009','3'),(621,'18 Sept 10h00','A 002',179,'Langages à objets .NET','2008-2009','2'),(622,'18 Sept 10h00','A 002',179,'Objets Avancés','2008-2009','3'),(623,'23 Sept 10h00','A 002',180,'Programmation Réseaux','2008-2009','3'),(624,'23 Sept 14h00','A 002',181,'Mécanique des fluides','2008-2009','2'),(625,'22 Sept 14h00','A 002',182,'Compilation','2008-2009','3'),(626,'14 Sept 14h00','A 002',183,'JAVA','2008-2009','2'),(627,'14 Sept 14h00','A 002',183,'Oracle Applications','2008-2009','3'),(628,'13 septembre 14h00-16h00','A002',184,'Réseaux','2010-2011','2'),(629,'14 septembre 10h00-12h00','A002',151,'Systèmes d\'exploitation : Administration','2010-2011','2'),(630,'12 septembre 10h30-12h00','A002',185,'Marketing','2010-2011','3'),(631,'12 septembre 14h00-16h00','A002',139,'Robotique mobile','2010-2011','3'),(632,'13 septembre 09h00-12h00','E005',140,'Méthodes et Outils de développement logiciel','2010-2011','3'),(633,'13 septembre 14h00-16h00','A002',169,'Systèmes répartis','2010-2011','3'),(634,'12 septembre 09h00-10h30','A002',163,'Droit','2010-2011','3'),(635,'19 septembre 14h00-16h00','A002',186,'Programmation d\'applications mobiles (PAM)','2010-2011','3'),(636,'20 septembre 14h00-16h00','A002',182,'Conception/Modélisation SoC','2010-2011','3'),(637,'13 septembre 14h00-16h00','A002',162,'Routage','2010-2011','3'),(638,'14 septembre 10h00-12h00','A002',162,'Réseaux sans fil','2010-2011','3'),(639,'14 septembre 14h00-16h30','E005',162,'Projet ','2010-2011','3'),(640,'15 septembre 10h00-12h00','A002',162,'Certification industrielle','2010-2011','3'),(641,'12 septembre 09h00-10h30','A002',163,'Droit','2010-2011','2'),(642,'16 septembre 16h30-18h30','A002',187,'Management','2010-2011','2'),(643,'19 septembre 14h00-16h00','A002',165,'Eléments finis','2010-2011','2'),(644,'14 septembre 14h00-17h00','E005',188,'projet','2010-2011','2'),(645,'12 septembre 14h00-16h00','A002',139,'Robotique','2010-2011','3'),(646,'20 septembre 14h00-16h00','A002',189,'Grilles de Calcul','2010-2011','3'),(647,'21 septembre 10h00-12h00','A002',179,'Objets avancés','2010-2011','3'),(648,'15 septembre 14h00-16h00','A002',177,'Traitement numérique du signal','2010-2011','2'),(649,'19 septembre 14h00-16h00','Salle multi média pôle commun',138,'Anglais','2010-2011','2'),(650,'21 septembre 14h00-16h00','A002',190,'Transmission de données','2010-2011','2'),(651,'13 septembre 14h00-16h00','A002',168,'Optimisation for complex system','2010-2011','3'),(652,'15 septembre 10h00-12h00','A002',178,'Information integration','2010-2011','3'),(653,'16 septembre 14h00-16h00','A002',155,'Mobile system and networking','2010-2011','3'),(654,'20 septembre 10h00-12h00','A002',188,'Simulation  ','2010-2011','3'),(655,'12 septembre 10h30-12h00','A002',191,'Gestion','2010-2011','2'),(656,'12 septembre 14h00-16h00','A002',183,'Java','2010-2011','2'),(657,'13 septembre 09h30-10h30','A002',148,'UML / UP','2010-2011','2'),(658,'16 septembre 14h00-16h00','A002',192,'Physique des télécommunications','2010-2011','2'),(659,'20 septembre 14h00-16h00','A002',193,'Modélisation','2010-2011','2'),(660,'21 septembre 14h00-16h00','A002',190,'Design électronique','2010-2011','2'),(661,NULL,NULL,172,'Expression Communication','2010-2011','2'),(662,'13 septembre 10h30-12h00','A002',188,'C++','2010-2011','2'),(663,'15 septembre 10h00-12h00','A002',184,'Compléments sur les réseaux','2010-2011','2'),(664,'15 septembre 16h30-18h30','A002',194,'Services Réseaux','2010-2011','2'),(665,'16 septembre 10h00-12h00','A002',151,'Programmation Système','2010-2011','2'),(666,'20 septembre 10h00-12h00','A002',184,'Certification industrielle','2010-2011','2'),(667,'13 septembre 16h30-18h30','A002',195,'Introduction aux Systèmes d\'Information','2010-2011','2'),(668,'14 septembre 14h00-16h00','A002',137,'Fondements des Bases de Données','2010-2011','2'),(669,'15 septembre 10h00-12h00','A002',158,'Développement de Bases de Données','2010-2011','2'),(670,'12 septembre 14h00-16h00','A002',183,'JAVA','2010-2011','3'),(671,'13 septembre 14h00-16h00','A002',168,'Optimisation des systèmes complexes','2010-2011','3'),(672,'15 septembre 14h00-16h00','A002',175,'Algorithmique de l\'aide à la décision','2010-2011','3'),(673,'15 septembre 14h00-16h00','sur machine A108',147,'Prévisions économiques -ORAL','2010-2011','3'),(674,'16 septembre 10h00-12h00','A002',145,'Mécanique des fluides et du solide','2010-2011','3'),(675,'19 septembre 10h00-12h00','A002',156,'Allemand débutant','2010-2011','3'),(676,'19 septembre 14h00-16h00','A002',196,'Méthodes numériques','2010-2011','3'),(677,'20 septembre 10h00-12h00','A002',188,'Calcul Hybride à Haute Performance','2010-2011','3'),(678,'20 septembre 14h00-16h00','A002',175,'Etude de cas en R.O. et Logique','2010-2011','3'),(679,'21 septembre 10h00-12h00','A002',159,'Méthodes Numériques en Mécanique','2010-2011','3'),(680,'21 septembre 14h00-16h00','A002',197,'Parallélisme','2010-2011','3'),(681,'21 septembre 09h00-12h00','A002',140,'Méthodes et Outils de développement logiciel','2010-2011','3'),(682,' évaluation soutenance de stage',NULL,172,'Expression Communication','2010-2011','3'),(683,'15 septembre 10h00-12h00','A002',178,'Intégration d\'applications','2010-2011','3'),(684,'15 septembre 14h00-16h00','A002',152,'Algorithmique de l\'aide à la décision','2010-2011','3'),(685,'16 septembre 14h00-16h00','A002',155,'Architecture Réseaux','2010-2011','3'),(686,'19 septembre 10h00-12h00','A002',198,'Middlewares (Interfaçage d\'applications réparties)','2010-2011','3'),(687,'20 septembre 10h00-12h00','A002',188,'Ingénierie des Modèles et Simulation','2010-2011','3'),(688,'19 septembre 10h00-12h00','A002',165,'Intégration et Distributions','2010-2011','2'),(689,'14 septembre 14h00-16h30','E005',141,'Projet ','2010-2011','3'),(690,'15 septembre 16h30-18h30','A002',142,'Espagnol débutants complets','2010-2011','3'),(691,'16 septembre 14h00-16h00','A002',141,'Algorithmie de l\'Image','2010-2011','3'),(692,'19 septembre 10h00-12h00','A002',165,'Equations aux Dérivées Partielles','2010-2011','3'),(693,'15 septembre 14h00-16h00','A002',152,'R.O. et I.A. pour la productique','2010-2011','2'),(694,'16 septembre 14h00-16h00','A002',161,'Recherche Opérationnelle','2010-2011','2'),(695,'20 septembre 10h00-12h00','A002',154,'Analyse et fouille de données','2010-2011','2'),(696,'20 septembre 14h00-16h00','A002',152,'Modélisation des processus aléatoires','2010-2011','2'),(697,'12 septembre 10h30-12h00','A002',199,'Gestion et Management','2010-2011','3'),(698,'12 septembre 14h00-16h00','A002',144,'JAVA','2010-2011','3'),(699,'13 septembre 14h00-16h00','A002',137,'Business Intelligence','2010-2011','3'),(700,'14 septembre 14h00-16h00 ','A002',137,'Administration des bases de données','2010-2011','3'),(701,'16 septembre 10h00-12h00','A002',161,'Modélisation et Gestion intégrée de la chaîne logistique','2010-2011','3'),(702,'19 septembre 10h00-12h00','A002',200,'Web Services','2010-2011','3'),(703,'20 septembre 14h00-16h00','A002',183,'Oracle Applications','2010-2011','3'),(704,'21 septembre 10h00-12h00','A002',171,'Téléphonie','2010-2011','2'),(705,'12 septembre 16h30-18h30','A002',195,'Gestion de Projet Informatique','2010-2011','2'),(706,'15 septembre 14h00-16h00','A002',167,'Méthodes et Outils du Génie Logiciel','2010-2011','2'),(707,'15 septembre 16h30-18h30','A002',201,'Espagnol faux débutants','2010-2011','2'),(708,'14 septembre 14h00-17h00','E005',184,'projet','2010-2011','2'),(709,'19 septembre 14h00-16h00','salle mutimédia Pôle commun',138,'Anglais','2010-2011','3'),(710,'19 septembre 14h00-16h00','A002',202,'Chinois','2010-2011','3'),(711,'14 septembre 14h00-17h00','E005',141,'projet','2010-2011','2'),(712,'15 septembre  10h00-12h00','A002',203,'Mécanique des fluides','2010-2011','2'),(713,'15 septembre 14h00-16h00','A002',152,'Simulation / Productique','2010-2011','2'),(714,'16 septembre 10h00-12h00','A002',145,'Mécanique du solide','2010-2011','2'),(715,'16 septembre 14h00-16h00','A002',175,'Recherche Opérationnelle','2010-2011','2'),(716,'20 septembre 10h00-12h00','A002',204,'Apprentissage statistique (ORAL)','2010-2011','2'),(717,'21 septembre 10h00-12h00','A002',159,'Logiciels numériques','2010-2011','2'),(718,'21 septembre 14h00-16h00','A002',166,'Imagerie Vision','2010-2011','2'),(719,'16 septembre 10h00-12h00','A002',146,'Evaluation et optimisation des systèmes','2010-2011','3'),(720,NULL,NULL,NULL,'C++','2011-2012','2'),(721,NULL,NULL,NULL,'Certification Industrielle','2011-2012','2'),(722,NULL,NULL,NULL,'Compléments réseaux','2011-2012','2'),(723,NULL,NULL,NULL,'Conduite de projet','2011-2012','2'),(724,NULL,NULL,NULL,'Droit','2011-2012','2'),(725,NULL,NULL,NULL,'Expression Communication','2011-2012','2'),(726,NULL,NULL,NULL,'Gestion','2011-2012','2'),(727,NULL,NULL,NULL,'Java','2011-2012','2'),(728,NULL,NULL,NULL,'Modélisation','2011-2012','2'),(729,NULL,NULL,NULL,'Physique des télécoms','2011-2012','2'),(730,NULL,NULL,NULL,'Projet','2011-2012','2'),(731,NULL,NULL,NULL,'Réseaux','2011-2012','2'),(732,NULL,NULL,NULL,'RO Télécoms','2011-2012','2'),(733,NULL,NULL,NULL,'SE Programmation Systèmes','2011-2012','2'),(734,NULL,NULL,NULL,'Systèmes d\'exploitation : admin','2011-2012','2'),(735,NULL,NULL,NULL,'Traitement numérique du signal','2011-2012','2'),(736,NULL,NULL,NULL,'UML/UP','2011-2012','2'),(737,NULL,NULL,NULL,'Automatique avancée','2011-2012','2'),(738,NULL,NULL,NULL,'Systèmes d\'exploitation','2011-2012','2'),(739,NULL,NULL,NULL,'Systèmes embarqués','2011-2012','2'),(740,NULL,NULL,NULL,'Transmission de données','2011-2012','2'),(741,NULL,NULL,NULL,'Algo d\'aide à la décision','2011-2012','3'),(742,NULL,NULL,NULL,'CHP','2011-2012','3'),(743,NULL,NULL,NULL,'Complément GL Java','2011-2012','3'),(744,NULL,NULL,NULL,'Droit','2011-2012','3'),(745,NULL,NULL,NULL,'EDP','2011-2012','3'),(746,NULL,NULL,NULL,'Expression Communication','2011-2012','3'),(747,NULL,NULL,NULL,'Marketing','2011-2012','3'),(748,NULL,NULL,NULL,'Méca fluide et solide','2011-2012','3'),(749,NULL,NULL,NULL,'MO de Dév. Logiciel','2011-2012','3'),(750,NULL,NULL,NULL,'Parralélisme','2011-2012','3'),(751,NULL,NULL,NULL,'Prévisions Economiques','2011-2012','3'),(752,NULL,NULL,NULL,'Admin Syst Avancée','2011-2012','3'),(753,NULL,NULL,NULL,'Administration BD','2011-2012','3'),(754,NULL,NULL,NULL,'PAM','2011-2012','3'),(755,NULL,NULL,NULL,'Programmation Objets Avancée','2011-2012','3'),(756,NULL,NULL,NULL,'Programmation sur les réseaux','2011-2012','3'),(757,NULL,NULL,NULL,'Réseaux sans fil','2011-2012','3'),(758,NULL,NULL,NULL,'Systèmes répartis','2011-2012','3'),(759,NULL,NULL,NULL,'EDS','2011-2012','2'),(760,NULL,NULL,NULL,'Eléments finis','2011-2012','2'),(761,NULL,NULL,NULL,'Imagerie Vision','2011-2012','2'),(762,NULL,NULL,NULL,'Intégration distribution','2011-2012','2'),(763,NULL,NULL,NULL,'Mécanique du solide','2011-2012','2'),(764,NULL,NULL,NULL,'Modélisation des processus aléatoires','2011-2012','2'),(765,NULL,NULL,NULL,'Optimisation','2011-2012','2'),(766,NULL,NULL,NULL,'Simulation productique','2011-2012','2'),(767,NULL,NULL,NULL,'Recherche opérationnelle','2011-2012','2'),(768,NULL,NULL,NULL,'Développement de BD','2011-2012','2'),(769,NULL,NULL,NULL,'Développement WEB','2011-2012','2'),(770,NULL,NULL,NULL,'Fouille de données','2011-2012','2'),(771,NULL,NULL,NULL,'Introduction aux SI','2011-2012','2'),(772,NULL,NULL,NULL,'Management','2011-2012','2'),(773,NULL,NULL,NULL,'Meths. Num','2011-2012','3'),(774,NULL,NULL,NULL,'Meths. Num Méca','2011-2012','3'),(775,NULL,NULL,NULL,'Optimisation des syst complexes','2011-2012','3'),(776,NULL,NULL,NULL,'Design électronique des télécoms','2011-2012','2'),(777,NULL,NULL,NULL,'Services réseaux','2011-2012','2'),(778,NULL,NULL,NULL,'Téléphonie','2011-2012','2'),(779,NULL,NULL,NULL,'Algo de l\'Image','2011-2012','3'),(780,NULL,NULL,NULL,'Archi. Réseaux','2011-2012','3'),(781,NULL,NULL,NULL,'Grille de calcul','2011-2012','3'),(782,NULL,NULL,NULL,'Infographie','2011-2012','3'),(783,NULL,NULL,NULL,'Intégration d\'applications','2011-2012','3'),(784,NULL,NULL,NULL,'Middleware','2011-2012','3'),(785,NULL,NULL,NULL,'Objets avancés','2011-2012','3'),(786,NULL,NULL,NULL,'Prog Parallèle','2011-2012','3'),(787,NULL,NULL,NULL,'Projet','2011-2012','3'),(788,NULL,NULL,NULL,'Certif industrielle','2011-2012','3'),(789,NULL,NULL,NULL,'Physique des Télécoms','2011-2012','3'),(790,NULL,NULL,NULL,'Routage','2011-2012','3'),(791,NULL,NULL,NULL,'Sécur-Archi des systèmes','2011-2012','3'),(792,NULL,NULL,NULL,'Outils d\'aide à la décision','2011-2012','2'),(793,NULL,NULL,NULL,'Programmation système','2011-2012','2'),(794,NULL,NULL,NULL,'Allemand débutant','2011-2012','2'),(795,NULL,NULL,NULL,'Processus aléatoires','2011-2012','2'),(796,NULL,NULL,NULL,'Anglais','2011-2012','2'),(797,NULL,NULL,NULL,'Apprentissage statistique','2011-2012','2'),(798,NULL,NULL,NULL,'Espagnol débutant','2011-2012','2'),(799,NULL,NULL,NULL,'Mécanique des fluides','2011-2012','2'),(800,NULL,NULL,NULL,'Allemand','2011-2012','3'),(801,NULL,NULL,NULL,'Anglais','2011-2012','3'),(802,NULL,NULL,NULL,'Conception/Model SoC','2011-2012','3'),(803,NULL,NULL,NULL,'Informatique Embarqué','2011-2012','3'),(804,NULL,NULL,NULL,'Robotique','2011-2012','3'),(805,NULL,NULL,NULL,'LV2','2011-2012','2'),(806,NULL,NULL,NULL,'RO et IA pour la prod','2011-2012','2'),(807,NULL,NULL,NULL,'Simulation à flux discret','2011-2012','2'),(808,NULL,NULL,NULL,'UML','2011-2012','2'),(809,NULL,NULL,NULL,'Chinois','2011-2012','2'),(810,NULL,NULL,NULL,'Etudes de cas RO&logique','2011-2012','3'),(811,NULL,NULL,NULL,'Ingénierie Model/Simul','2011-2012','3'),(812,NULL,NULL,NULL,'Italien','2011-2012','3'),(813,NULL,NULL,NULL,'Japonais','2011-2012','2'),(814,NULL,NULL,NULL,'Systèmes propriétaires','2011-2012','3'),(815,NULL,NULL,NULL,'Syst. Répartis','2011-2012','3'),(816,NULL,NULL,NULL,'Archi Multiprocesseurs','2011-2012','3'),(817,NULL,NULL,NULL,'Compilation','2011-2012','3'),(818,NULL,NULL,NULL,'Systèmes embarqués','2011-2012','3'),(819,NULL,NULL,NULL,'Techno sans Fil','2011-2012','3'),(820,NULL,NULL,NULL,'Vérification','2011-2012','3'),(821,NULL,NULL,NULL,'Fondement des BD','2011-2012','2'),(822,NULL,NULL,NULL,'CAO','2011-2012','3');
/*!40000 ALTER TABLE `epreuve` ENABLE KEYS */;
UNLOCK TABLES;

--
-- Table structure for table `filiere`
--

DROP TABLE IF EXISTS `filiere`;
/*!40101 SET @saved_cs_client     = @@character_set_client */;
/*!40101 SET character_set_client = utf8 */;
CREATE TABLE `filiere` (
  `idFiliere` int(11) NOT NULL AUTO_INCREMENT,
  `nomFiliere` varchar(45) NOT NULL,
  PRIMARY KEY (`idFiliere`)
) ENGINE=InnoDB AUTO_INCREMENT=19 DEFAULT CHARSET=latin1;
/*!40101 SET character_set_client = @saved_cs_client */;

--
-- Dumping data for table `filiere`
--

LOCK TABLES `filiere` WRITE;
/*!40000 ALTER TABLE `filiere` DISABLE KEYS */;
INSERT INTO `filiere` VALUES (13,'F3'),(14,'F4'),(15,'F2'),(16,'F5'),(17,'F1'),(18,'F Int');
/*!40000 ALTER TABLE `filiere` ENABLE KEYS */;
UNLOCK TABLES;

--
-- Table structure for table `filiereepreuve`
--

DROP TABLE IF EXISTS `filiereepreuve`;
/*!40101 SET @saved_cs_client     = @@character_set_client */;
/*!40101 SET character_set_client = utf8 */;
CREATE TABLE `filiereepreuve` (
  `idEpreuve` int(11) NOT NULL,
  `idFiliere` int(11) NOT NULL,
  PRIMARY KEY (`idEpreuve`,`idFiliere`),
  KEY `idEpreuve` (`idEpreuve`),
  KEY `idFiliere` (`idFiliere`),
  CONSTRAINT `idEpreuve2` FOREIGN KEY (`idEpreuve`) REFERENCES `epreuve` (`idEpreuve`) ON DELETE NO ACTION ON UPDATE NO ACTION,
  CONSTRAINT `idFiliere` FOREIGN KEY (`idFiliere`) REFERENCES `filiere` (`idFiliere`) ON DELETE NO ACTION ON UPDATE NO ACTION
) ENGINE=InnoDB DEFAULT CHARSET=latin1;
/*!40101 SET character_set_client = @saved_cs_client */;

--
-- Dumping data for table `filiereepreuve`
--

LOCK TABLES `filiereepreuve` WRITE;
/*!40000 ALTER TABLE `filiereepreuve` DISABLE KEYS */;
INSERT INTO `filiereepreuve` VALUES (550,13),(551,13),(551,14),(551,15),(551,16),(551,17),(552,14),(553,16),(554,16),(556,15),(557,14),(558,13),(558,14),(560,16),(561,17),(562,13),(563,14),(564,13),(564,14),(564,15),(564,16),(564,17),(565,13),(565,14),(565,15),(565,16),(565,17),(566,13),(566,14),(567,13),(567,14),(567,15),(567,16),(567,17),(568,13),(568,14),(568,15),(569,13),(569,14),(569,15),(569,16),(569,17),(570,13),(571,13),(571,14),(571,15),(571,16),(571,17),(572,16),(573,15),(573,16),(573,17),(575,13),(576,14),(577,16),(578,13),(578,14),(579,15),(580,14),(581,17),(583,13),(584,14),(585,13),(586,13),(587,13),(588,15),(588,16),(589,13),(589,14),(589,16),(589,17),(590,13),(590,16),(591,14),(591,16),(592,15),(592,16),(593,16),(594,16),(595,17),(596,16),(597,13),(597,14),(597,15),(597,16),(598,13),(599,13),(600,14),(601,14),(602,13),(603,14),(604,17),(605,17),(606,15),(608,15),(609,17),(610,14),(610,15),(610,16),(610,17),(611,13),(612,13),(612,15),(613,13),(613,14),(613,15),(613,16),(613,17),(614,13),(615,13),(615,15),(616,16),(617,13),(618,16),(618,17),(619,13),(619,16),(620,15),(621,15),(622,15),(623,15),(623,16),(624,14),(625,15),(626,13),(626,16),(627,13),(628,13),(628,14),(628,15),(628,16),(629,13),(629,14),(629,15),(629,16),(630,14),(630,15),(630,17),(631,17),(632,13),(632,14),(632,15),(632,16),(632,17),(633,15),(633,17),(634,14),(634,15),(634,17),(635,15),(635,16),(635,17),(636,17),(637,16),(638,15),(638,16),(640,16),(641,13),(641,14),(641,16),(642,13),(642,14),(642,16),(643,14),(645,15),(646,15),(647,15),(648,16),(649,13),(649,14),(649,16),(650,16),(651,18),(652,18),(653,18),(654,18),(655,13),(655,16),(656,13),(656,14),(656,16),(657,13),(657,14),(657,16),(658,16),(659,16),(660,16),(661,14),(661,16),(662,13),(662,16),(663,16),(664,16),(665,16),(666,16),(667,13),(668,13),(669,13),(671,14),(673,13),(673,14),(674,14),(675,14),(676,14),(677,14),(678,14),(679,14),(680,14),(681,16),(682,14),(682,15),(683,13),(683,15),(684,13),(684,14),(684,15),(685,15),(686,15),(687,15),(688,14),(689,14),(689,16),(690,14),(691,14),(692,14),(693,13),(695,13),(696,13),(696,14),(697,13),(698,13),(698,14),(699,13),(700,13),(701,13),(702,13),(703,13),(704,16),(705,13),(706,13),(707,13),(709,14),(710,13),(710,15),(711,14),(711,15),(711,16),(712,14),(713,14),(714,14),(715,13),(715,14),(716,14),(717,14),(718,14),(719,13),(720,13),(720,14),(720,15),(720,16),(720,17),(721,16),(722,16),(723,13),(723,14),(723,16),(723,17),(724,13),(724,14),(724,15),(724,16),(724,17),(725,13),(725,14),(725,15),(725,16),(726,14),(726,16),(727,13),(727,14),(727,15),(727,16),(727,17),(728,15),(728,16),(729,16),(730,13),(730,14),(730,15),(730,16),(731,13),(731,14),(731,15),(731,16),(731,17),(732,16),(733,16),(734,13),(734,14),(734,15),(734,16),(734,17),(735,16),(735,17),(736,13),(736,14),(736,15),(736,16),(737,17),(738,17),(739,15),(739,17),(740,16),(740,17),(741,14),(741,15),(742,14),(743,14),(744,14),(744,15),(744,16),(744,17),(745,14),(746,14),(746,16),(746,17),(747,14),(747,15),(747,17),(748,14),(749,13),(749,14),(749,15),(749,16),(749,17),(750,14),(751,13),(751,14),(752,16),(753,16),(754,15),(754,16),(754,17),(755,16),(756,16),(757,16),(758,16),(758,17),(759,14),(760,14),(761,14),(762,14),(763,14),(764,14),(765,14),(766,14),(767,14),(768,13),(768,15),(769,13),(770,13),(771,13),(772,13),(773,14),(774,14),(775,14),(776,16),(777,15),(777,16),(778,16),(779,15),(780,15),(781,15),(782,15),(783,15),(784,15),(785,15),(786,15),(787,14),(787,15),(787,16),(787,17),(788,16),(789,16),(790,16),(791,16),(792,13),(792,15),(793,15),(794,15),(795,13),(796,13),(796,14),(796,16),(797,14),(798,14),(799,14),(800,17),(801,14),(801,15),(801,16),(801,17),(802,17),(803,17),(804,15),(804,17),(805,13),(806,13),(807,13),(808,13),(809,16),(810,14),(811,15),(812,15),(812,16),(813,14),(813,16),(814,16),(815,15),(816,17),(817,17),(818,17),(819,17),(820,17),(821,13),(822,14);
/*!40000 ALTER TABLE `filiereepreuve` ENABLE KEYS */;
UNLOCK TABLES;

--
-- Table structure for table `prof`
--

DROP TABLE IF EXISTS `prof`;
/*!40101 SET @saved_cs_client     = @@character_set_client */;
/*!40101 SET character_set_client = utf8 */;
CREATE TABLE `prof` (
  `idProf` int(11) NOT NULL AUTO_INCREMENT,
  `nomProf` varchar(45) DEFAULT NULL,
  `prenomProf` varchar(45) DEFAULT NULL,
  PRIMARY KEY (`idProf`)
) ENGINE=InnoDB AUTO_INCREMENT=205 DEFAULT CHARSET=latin1;
/*!40101 SET character_set_client = @saved_cs_client */;

--
-- Dumping data for table `prof`
--

LOCK TABLES `prof` WRITE;
/*!40000 ALTER TABLE `prof` DISABLE KEYS */;
INSERT INTO `prof` VALUES (137,'AGIER','M'),(138,'ARBON','S'),(139,'AUFRERE','R'),(140,'BACHELET','B'),(141,'BARRA','V'),(142,'BENITEZ','N'),(143,'COUE','E'),(144,'DEMONSABLON','G'),(145,'DESTREBECQ','J-F'),(146,'DUHAMEL','C'),(147,'FLEURY','G'),(148,'FORCE','C'),(149,'ATENZA','A'),(150,'GAYTE','M-C'),(151,'GOUINAUD','C'),(152,'GOURGAND','M'),(153,'GRANET','G'),(154,'GUILLAUME','S'),(155,'GUITTON','A'),(156,'HASSINGER','E'),(157,'HOU','K-M'),(158,'KANG','M'),(159,'KOKO','J'),(160,'KOUISS','K'),(161,'LACOMME','P'),(162,'LAURENCOT','P'),(163,'LAURENT','C'),(164,'LAVEDRINE','F'),(165,'LEBORGNE','G'),(166,'LI','J-J'),(167,'CHABROL','M'),(168,'MAHEY','P'),(169,'MESNARD','E'),(170,'MISSAOUI','M'),(171,'MOUCHARD','P'),(172,'MOUZAT','M'),(173,'PONGE','J'),(174,'PRULIERE','F'),(175,'QUILLIOT','A'),(176,'SANLAVILLE','E'),(177,'TILMANT','C'),(178,'TOUMANI','F'),(179,'TOURAILLE','L'),(180,'TRAORE','M-K'),(181,'WOBROCK','M'),(182,'WODEY','P'),(183,'YON','L'),(184,'LAURENÇOT','P'),(185,'GEAY','JP'),(186,'GOUTET','O'),(187,'ALAPHILIPPE','M'),(188,'HILL','D'),(189,'MAHUL','A'),(190,'CHEMINAT','M'),(191,'CHAPLAIS','C'),(192,'CENTENO','E'),(193,'TANGUY','A'),(194,'CHASSAGNE','F'),(195,'BERENGUIER','L'),(196,'TOUZANI','R'),(197,'DUBOIS','T'),(198,'TRAORE','M'),(199,'VERDIER','F'),(200,'COUPELON','O'),(201,'HERBAUD','F'),(202,'YANG','H'),(203,'WOBROCK','W'),(204,'GANDAR','B');
/*!40000 ALTER TABLE `prof` ENABLE KEYS */;
UNLOCK TABLES;
/*!40103 SET TIME_ZONE=@OLD_TIME_ZONE */;

/*!40101 SET SQL_MODE=@OLD_SQL_MODE */;
/*!40014 SET FOREIGN_KEY_CHECKS=@OLD_FOREIGN_KEY_CHECKS */;
/*!40014 SET UNIQUE_CHECKS=@OLD_UNIQUE_CHECKS */;
/*!40101 SET CHARACTER_SET_CLIENT=@OLD_CHARACTER_SET_CLIENT */;
/*!40101 SET CHARACTER_SET_RESULTS=@OLD_CHARACTER_SET_RESULTS */;
/*!40101 SET COLLATION_CONNECTION=@OLD_COLLATION_CONNECTION */;
/*!40111 SET SQL_NOTES=@OLD_SQL_NOTES */;

-- Dump completed on 2019-06-24 15:23:22
